GROUP,PACKAGE,CLASS,INSTRUCTION_MISSED,INSTRUCTION_COVERED,BRANCH_MISSED,BRANCH_COVERED,LINE_MISSED,LINE_COVERED,COMPLEXITY_MISSED,COMPLEXITY_COVERED,METHOD_MISSED,METHOD_COVERED
millete,com.puntomartinez.millete.plannedtransactions.infrastructure.in.controller,PlannedTransactionController,7,276,5,11,1,91,5,15,1,11
millete,com.puntomartinez.millete.notifications.domain.model,PaginatedNotifications,0,24,0,0,0,1,0,1,0,1
millete,com.puntomartinez.millete.notifications.domain.model,Notification,0,218,0,26,0,68,0,37,0,24
millete,com.puntomartinez.millete.notifications.domain.model,NotificationType,0,15,0,0,0,3,0,1,0,1
millete,com.puntomartinez.millete.dataexport.domain.migration,Migration001to010,0,48,0,0,0,14,0,5,0,5
millete,com.puntomartinez.millete.dataexport.domain.migration,Migration010to020,2,101,2,4,1,37,2,7,0,6
millete,com.puntomartinez.millete.dataexport.domain.migration,MigrationChain,48,155,7,11,11,43,6,8,0,5
millete,com.puntomartinez.millete.dataexport.domain.model,PlannedTransactionSnapshot,0,45,0,0,0,1,0,1,0,1
millete,com.puntomartinez.millete.dataexport.domain.model,ExportData.InvestmentExportRow,0,24,0,0,0,1,0,1,0,1
millete,com.puntomartinez.millete.dataexport.domain.model,ExportVersion,2,112,1,13,0,23,1,13,0,7
millete,com.puntomartinez.millete.dataexport.domain.model,TransactionSnapshot,0,33,0,0,0,1,0,1,0,1
millete,com.puntomartinez.millete.dataexport.domain.model,ExportData.PlannedTransactionExportRow,0,30,0,0,0,1,0,1,0,1
millete,com.puntomartinez.millete.dataexport.domain.model,UserPreferencesSnapshot,0,18,0,0,0,1,0,1,0,1
millete,com.puntomartinez.millete.dataexport.domain.model,ExportData.CategoryExportRow,0,9,0,0,0,1,0,1,0,1
millete,com.puntomartinez.millete.dataexport.domain.model,ExportData,0,18,0,0,0,1,0,1,0,1
millete,com.puntomartinez.millete.dataexport.domain.model,CategorySnapshot,0,27,0,0,0,1,0,1,0,1
millete,com.puntomartinez.millete.dataexport.domain.model,PdfExportData.Summary,0,36,0,0,0,1,0,1,0,1
millete,com.puntomartinez.millete.dataexport.domain.model,InvestmentSnapshot,0,48,0,0,0,1,0,1,0,1
millete,com.puntomartinez.millete.dataexport.domain.model,UserDataSnapshot.SnapshotMetadata,0,12,0,0,0,1,0,1,0,1
millete,com.puntomartinez.millete.dataexport.domain.model,PdfExportData.SavingsGoalRow,24,0,0,0,1,0,1,0,1,0
millete,com.puntomartinez.millete.dataexport.domain.model,PdfExportData.TransactionRow,0,18,0,0,0,1,0,1,0,1
millete,com.puntomartinez.millete.dataexport.domain.model,PdfExportData.InvestmentRow,30,0,0,0,1,0,1,0,1,0
millete,com.puntomartinez.millete.dataexport.domain.model,UserDataSnapshot,0,31,0,2,0,4,0,2,0,1
millete,com.puntomartinez.millete.dataexport.domain.model,PdfExportData,0,24,0,0,0,1,0,1,0,1
millete,com.puntomartinez.millete.dataexport.domain.model,PeriodType,0,100,0,8,0,21,0,13,0,8
millete,com.puntomartinez.millete.dataexport.domain.model,ExportData.TransactionExportRow,0,18,0,0,0,1,0,1,0,1
millete,com.puntomartinez.millete.dataexport.domain.model,SavingsGoalSnapshot,0,36,0,0,0,1,0,1,0,1
millete,com.puntomartinez.millete.dataexport.domain.model,CategoryImportResult,0,9,0,0,0,1,0,1,0,1
millete,com.puntomartinez.millete.dataexport.domain.model,ExportData.SavingsGoalExportRow,0,24,0,0,0,1,0,1,0,1
millete,com.puntomartinez.millete.notifications.application.services,NotificationService,8,152,0,14,2,56,1,17,1,10
millete,com.puntomartinez.millete.shared.infrastructure.config.scheduler,TransactionScheduler,10,0,0,0,5,0,2,0,2,0
millete,com.puntomartinez.millete.transactions.infrastructure.in.controller,TransactionController,17,364,6,14,5,107,6,20,1,15
millete,com.puntomartinez.millete.transactions.infrastructure.in.controller,TransactionController.CategoryInfo,0,9,0,0,0,1,0,1,0,1
millete,com.puntomartinez.millete.groupgoals.infrastructure.out.users,UserLookupAdapter,58,0,0,0,17,0,6,0,6,0
millete,com.puntomartinez.millete.dataexport.infrastructure.out.categories,CategoryImportAdapter,6,133,3,11,1,44,3,6,0,2
millete,com.puntomartinez.millete.dataexport.infrastructure.out.categories,CategoryExportAdapter,0,35,0,0,0,16,0,3,0,3
millete,com.puntomartinez.millete.dashboard.infrastructure.out.transactions,TransactionQueryPostgresAdapter,0,46,0,0,0,20,0,4,0,4
millete,com.puntomartinez.millete.categories.domain.model,Category,0,173,0,24,0,58,0,24,0,12
millete,com.puntomartinez.millete.investments.infrastructure.out.persistence.postgresql.adapters,InvestmentPostgresAdapter,49,148,1,5,10,39,5,10,4,8
millete,com.puntomartinez.millete.investments.infrastructure.out.persistence.postgresql.adapters,InvestmentQueryPostgresAdapter,0,35,0,0,0,15,0,3,0,3
millete,com.puntomartinez.millete.groupgoals.domain.model,ContributionType,0,15,0,0,0,3,0,1,0,1
millete,com.puntomartinez.millete.groupgoals.domain.model,GoalRole,0,15,0,0,0,3,0,1,0,1
millete,com.puntomartinez.millete.groupgoals.domain.model,InvitationResult,27,0,0,0,1,0,1,0,1,0
millete,com.puntomartinez.millete.groupgoals.domain.model,GoalInvitation,20,193,4,20,4,67,4,33,0,25
millete,com.puntomartinez.millete.groupgoals.domain.model,InvitationStatus,0,27,0,0,0,5,0,1,0,1
millete,com.puntomartinez.millete.groupgoals.domain.model,GoalMember,10,237,2,24,2,69,2,36,0,25
millete,com.puntomartinez.millete.groupgoals.domain.model,DistributionMode,0,21,0,0,0,4,0,1,0,1
millete,com.puntomartinez.millete.groupgoals.domain.model,GoalContribution,10,170,2,18,2,59,2,29,0,21
millete,com.puntomartinez.millete.groupgoals.domain.model,GoalUnit,10,176,2,24,2,62,2,29,0,18
millete,com.puntomartinez.millete.users.infrastructure.in.controller.advice,UserExceptionHandler,36,0,0,0,12,0,3,0,3,0
millete,com.puntomartinez.millete.transactions.application.services,TransactionPeriodService,6,163,1,7,1,44,1,8,0,3
millete,com.puntomartinez.millete.transactions.application.services,TransactionMetricsService,0,145,0,8,0,40,0,7,0,3
millete,com.puntomartinez.millete.transactions.application.services,TransactionService,11,197,0,8,1,68,1,16,1,12
millete,com.puntomartinez.millete.groupgoals.infrastructure.in.controller,GroupGoalController,316,283,16,0,111,94,23,14,15,14
millete,com.puntomartinez.millete.groupgoals.infrastructure.out.persistence.postgresql.mappers,GoalInvitationEntityMapper,2,38,2,4,1,15,2,4,0,3
millete,com.puntomartinez.millete.groupgoals.infrastructure.out.persistence.postgresql.mappers,GoalMemberEntityMapper,0,23,0,0,0,11,0,1,0,1
millete,com.puntomartinez.millete.groupgoals.infrastructure.out.persistence.postgresql.mappers,GoalContributionEntityMapperImpl,2,49,1,1,1,13,1,2,0,2
millete,com.puntomartinez.millete.groupgoals.infrastructure.out.persistence.postgresql.mappers,GoalMemberEntityMapperImpl,2,64,2,2,1,15,2,2,0,2
millete,com.puntomartinez.millete.groupgoals.infrastructure.out.persistence.postgresql.mappers,GoalContributionEntityMapper,2,38,2,4,0,14,2,4,0,3
millete,com.puntomartinez.millete.groupgoals.infrastructure.out.persistence.postgresql.mappers,GoalUnitEntityMapperImpl,2,49,2,2,1,12,2,2,0,2
millete,com.puntomartinez.millete.groupgoals.infrastructure.out.persistence.postgresql.mappers,GoalInvitationEntityMapperImpl,2,49,1,1,1,13,1,2,0,2
millete,com.puntomartinez.millete.groupgoals.infrastructure.out.persistence.postgresql.mappers,GoalUnitEntityMapper,0,17,0,0,0,8,0,1,0,1
millete,com.puntomartinez.millete.notifications.domain.ports.in,CreateNotificationUseCase.CreateNotificationCommand,0,24,0,0,0,1,0,1,0,1
millete,com.puntomartinez.millete.shared.infrastructure.in.controller.dto,PaginatedResponseDTO,0,24,0,0,0,1,0,1,0,1
millete,com.puntomartinez.millete.shared.infrastructure.in.controller.dto,ErrorResponseDTO,0,18,0,0,0,1,0,1,0,1
millete,com.puntomartinez.millete.shared.infrastructure.in.controller.dto,JwtUser,0,21,0,0,0,8,0,4,0,4
millete,com.puntomartinez.millete.shared.infrastructure.config,JacksonConfig,19,0,0,0,5,0,2,0,2,0
millete,com.puntomartinez.millete.shared.infrastructure.config,SecurityConfig,171,0,0,0,26,0,8,0,8,0
millete,com.puntomartinez.millete.shared.infrastructure.config,CookieAuthFactory,0,107,1,7,0,33,1,8,0,5
millete,com.puntomartinez.millete.shared.infrastructure.config,NativeRuntimeHints,59,0,0,0,9,0,2,0,2,0
millete,com.puntomartinez.millete.users.domain.exception,AccountLockedException,0,18,0,0,0,5,0,1,0,1
millete,com.puntomartinez.millete.dashboard.application.services,DashboardPeriodService,6,136,1,7,1,28,1,8,0,3
millete,com.puntomartinez.millete.dashboard.application.services,DashboardBudgetService,7,145,7,11,0,42,6,9,0,6
millete,com.puntomartinez.millete.dashboard.application.services,DashboardHistoryService,46,408,11,21,4,87,13,17,6,7
millete,com.puntomartinez.millete.dashboard.application.services,DashboardCategoryService,44,234,4,14,9,64,4,11,0,6
millete,com.puntomartinez.millete.dashboard.application.services,DashboardService,17,346,3,19,5,107,3,24,0,15
millete,com.puntomartinez.millete.transactions.infrastructure.out.persistence.postgresql.adapters,TransactionPostgresAdapter,115,207,12,6,25,49,9,15,2,12
millete,com.puntomartinez.millete.investments.infrastructure.in.controller.dto,InvestmentDistributionResponseDTO,0,9,0,0,0,1,0,1,0,1
millete,com.puntomartinez.millete.investments.infrastructure.in.controller.dto,InvestmentDistributionItemDTO,0,15,0,0,0,1,0,1,0,1
millete,com.puntomartinez.millete.investments.infrastructure.in.controller.dto,RegisterInvestmentRequestDTO,0,21,0,0,0,1,0,1,0,1
millete,com.puntomartinez.millete.investments.infrastructure.in.controller.dto,InvestmentMetricsResponseDTO,0,21,0,0,0,1,0,1,0,1
millete,com.puntomartinez.millete.investments.infrastructure.in.controller.dto,InvestmentResponseDTO,0,42,0,0,0,1,0,1,0,1
millete,com.puntomartinez.millete.investments.infrastructure.in.controller.dto,InvestmentEvolutionResponseDTO,0,12,0,0,0,1,0,1,0,1
millete,com.puntomartinez.millete.investments.infrastructure.in.controller.dto,UpdateInvestmentPriceRequestDTO,0,6,0,0,0,1,0,1,0,1
millete,com.puntomartinez.millete.investments.infrastructure.in.controller.dto,UpdateInvestmentRequestDTO,0,21,0,0,0,1,0,1,0,1
millete,com.puntomartinez.millete.users.domain.model,UserSession,0,3,0,0,0,2,0,1,0,1
millete,com.puntomartinez.millete.users.domain.model,UserLoginSecurity,0,90,1,9,0,24,1,9,0,5
millete,com.puntomartinez.millete.users.domain.model,UserPreferences,6,86,3,5,0,31,3,14,0,13
millete,com.puntomartinez.millete.users.domain.model,User,3,186,11,37,0,44,11,20,0,7
millete,com.puntomartinez.millete.dashboard.infrastructure.out.categories,CategoryQueryPostgresAdapter,0,49,0,0,0,20,0,5,0,5
millete,com.puntomartinez.millete.shared.infrastructure.config.filter,LoginRateLimitFilter.RateLimitEntry,0,9,0,0,0,4,0,1,0,1
millete,com.puntomartinez.millete.shared.infrastructure.config.filter,JwtAuthenticationFilter,7,145,2,16,2,38,2,11,0,4
millete,com.puntomartinez.millete.shared.infrastructure.config.filter,LoginRateLimitFilter,34,142,6,16,6,32,5,14,1,7
millete,com.puntomartinez.millete,MilleteApplication,8,0,0,0,3,0,2,0,2,0
millete,com.puntomartinez.millete.plannedtransactions.domain.ports.in,RegisterPlannedTransactionUseCase.RegisterPlannedTransactionCommand,0,30,0,0,0,1,0,1,0,1
millete,com.puntomartinez.millete.plannedtransactions.domain.ports.in,UpdatePlannedTransactionUseCase.UpdatePlannedTransactionCommand,0,21,0,0,0,1,0,1,0,1
millete,com.puntomartinez.millete.notifications.infrastructure.in.controller.dto,NotificationResponseDTO,0,33,0,0,0,1,0,1,0,1
millete,com.puntomartinez.millete.investments.infrastructure.out.persistence.postgresql.mappers,InvestmentEntityMapperImpl,2,74,2,2,1,17,2,2,0,2
millete,com.puntomartinez.millete.investments.infrastructure.out.persistence.postgresql.mappers,InvestmentEntityMapper,0,31,0,2,0,15,0,2,0,1
millete,com.puntomartinez.millete.users.infrastructure.out.persistence.postgresql.adapters,UserPostgresAdapter,12,78,0,2,2,17,1,6,1,5
millete,com.puntomartinez.millete.users.infrastructure.out.persistence.postgresql.adapters,UserSessionPostgresAdapter,0,82,0,0,0,20,0,8,0,8
millete,com.puntomartinez.millete.users.infrastructure.out.persistence.postgresql.adapters,UserLoginSecurityPostgresAdapter,0,35,0,0,0,7,0,3,0,3
millete,com.puntomartinez.millete.users.infrastructure.out.persistence.postgresql.adapters,UserPreferencesPostgresAdapter,0,42,0,0,0,11,0,4,0,4
millete,com.puntomartinez.millete.plannedtransactions.infrastructure.out.categories,CategoryDisplayAdapter,0,35,0,0,0,15,0,4,0,4
millete,com.puntomartinez.millete.plannedtransactions.infrastructure.out.categories,CategoryExistenceAdapter,0,13,0,0,0,6,0,2,0,2
millete,com.puntomartinez.millete.transactions.infrastructure.in.controller.dto,TransactionResponseDTO,0,33,0,0,0,1,0,1,0,1
millete,com.puntomartinez.millete.transactions.infrastructure.in.controller.dto,RegisterTransactionRequestDTO,0,18,0,0,0,1,0,1,0,1
millete,com.puntomartinez.millete.transactions.infrastructure.in.controller.dto,TransactionMetricsResponseDTO,0,27,0,0,0,1,0,1,0,1
millete,com.puntomartinez.millete.transactions.infrastructure.in.controller.dto,UpdateTransactionRequestDTO,0,18,0,0,0,1,0,1,0,1
millete,com.puntomartinez.millete.investments.domain.ports.in,UpdateInvestmentUseCase.UpdateInvestmentCommand,0,27,0,0,0,1,0,1,0,1
millete,com.puntomartinez.millete.investments.domain.ports.in,RegisterInvestmentUseCase.RegisterInvestmentCommand,0,24,0,0,0,1,0,1,0,1
millete,com.puntomartinez.millete.savingsgoals.domain.utils,GoalPriority,0,21,0,0,0,4,0,1,0,1
millete,com.puntomartinez.millete.categories.infrastructure.out.persistence.postgresql.adapters,CategoryPostgresAdapter,22,170,2,6,6,40,5,13,3,11
millete,com.puntomartinez.millete.dashboard.infrastructure.in.controller.dto,DashboardTransactionsResponseDTO,0,6,0,0,0,1,0,1,0,1
millete,com.puntomartinez.millete.dashboard.infrastructure.in.controller.dto,DashboardHistoryResponseDTO,0,12,0,0,0,1,0,1,0,1
millete,com.puntomartinez.millete.dashboard.infrastructure.in.controller.dto,CategoryExpenseItemResponseDTO,0,18,0,0,0,1,0,1,0,1
millete,com.puntomartinez.millete.dashboard.infrastructure.in.controller.dto,RecentTransactionResponseDTO,0,27,0,0,0,1,0,1,0,1
millete,com.puntomartinez.millete.dashboard.infrastructure.in.controller.dto,DashboardGoalsResponseDTO,0,6,0,0,0,1,0,1,0,1
millete,com.puntomartinez.millete.dashboard.infrastructure.in.controller.dto,SavingsGoalResponseDTO,0,24,0,0,0,1,0,1,0,1
millete,com.puntomartinez.millete.dashboard.infrastructure.in.controller.dto,BudgetItemResponseDTO,0,18,0,0,0,1,0,1,0,1
millete,com.puntomartinez.millete.dashboard.infrastructure.in.controller.dto,DashboardBudgetsResponseDTO,0,9,0,0,0,1,0,1,0,1
millete,com.puntomartinez.millete.dashboard.infrastructure.in.controller.dto,DashboardMetricsResponseDTO,0,27,0,0,0,1,0,1,0,1
millete,com.puntomartinez.millete.dashboard.infrastructure.in.controller.dto,DashboardCategoriesResponseDTO,0,9,0,0,0,1,0,1,0,1
millete,com.puntomartinez.millete.groupgoals.infrastructure.out.notifications,GoalInvitationNotificationAdapter,48,0,0,0,15,0,3,0,3,0
millete,com.puntomartinez.millete.shared.domain.exception,AuthenticationFailedException,0,9,0,0,0,4,0,2,0,2
millete,com.puntomartinez.millete.shared.domain.exception,ForbiddenOperationException,5,4,0,0,2,2,1,1,1,1
millete,com.puntomartinez.millete.shared.domain.exception,InvalidInputException,0,9,0,0,0,4,0,2,0,2
millete,com.puntomartinez.millete.shared.domain.exception,ResourceAlreadyExistsException,0,9,0,0,0,4,0,2,0,2
millete,com.puntomartinez.millete.shared.domain.exception,ResourceNotFoundException,0,9,0,0,0,4,0,2,0,2
millete,com.puntomartinez.millete.shared.domain.exception,DomainException,0,9,0,0,0,4,0,2,0,2
millete,com.puntomartinez.millete.savingsgoals.domain.model,SavingsGoal,0,390,3,65,0,122,3,60,0,29
millete,com.puntomartinez.millete.categories.infrastructure.in.controller,CategoryController,0,202,1,13,0,55,1,14,0,8
millete,com.puntomartinez.millete.transactions.infrastructure.out.persistence.postgresql.mappers,TransactionEntityMapper,0,78,0,4,0,27,0,4,0,2
millete,com.puntomartinez.millete.transactions.infrastructure.out.persistence.postgresql.mappers,TransactionEntityMapperImpl,3,0,0,0,1,0,1,0,1,0
millete,com.puntomartinez.millete.dashboard.infrastructure.out.savingsgoals,SavingsGoalQueryPostgresAdapter,1,39,1,1,0,17,1,3,0,3
millete,com.puntomartinez.millete.dataexport.infrastructure.out.investments,InvestmentExportAdapter,0,51,0,0,0,23,0,3,0,3
millete,com.puntomartinez.millete.dataexport.infrastructure.out.investments,InvestmentImportAdapter,2,62,2,6,1,25,2,4,0,2
millete,com.puntomartinez.millete.plannedtransactions.infrastructure.out.persistence.postgresql.mappers,PlannedTransactionEntityMapper,0,68,0,10,0,27,0,10,0,5
millete,com.puntomartinez.millete.plannedtransactions.infrastructure.out.persistence.postgresql.mappers,PlannedTransactionEntityMapperImpl,2,75,1,1,1,19,1,2,0,2
millete,com.puntomartinez.millete.users.domain.validation,EmailValidator,0,24,0,6,0,5,0,6,0,3
millete,com.puntomartinez.millete.users.domain.validation,ZoneIdValidator,12,69,9,13,3,19,9,5,0,3
millete,com.puntomartinez.millete.dataexport.infrastructure.out.fileexport,PdfBoxFileExportAdapter,1276,0,54,0,272,0,52,0,25,0
millete,com.puntomartinez.millete.dataexport.infrastructure.out.fileexport,ZipFileExportAdapter,326,618,22,16,45,93,16,15,0,10
millete,com.puntomartinez.millete.dataexport.infrastructure.out.fileexport,PdfBoxFileExportAdapter.PdfPageContext,36,0,0,0,11,0,3,0,3,0
millete,com.puntomartinez.millete.plannedtransactions.infrastructure.out.persistence.postgresql.adapters,PlannedTransactionPostgresAdapter,30,150,1,5,9,44,5,10,4,8
millete,com.puntomartinez.millete.notifications.infrastructure.in.controller,NotificationController,0,147,0,4,0,57,0,9,0,7
millete,com.puntomartinez.millete.dataexport.infrastructure.out.savingsgoals,SavingsGoalImportAdapter,3,65,3,7,1,25,3,4,0,2
millete,com.puntomartinez.millete.dataexport.infrastructure.out.savingsgoals,SavingsGoalExportAdapter,47,0,2,0,21,0,4,0,3,0
millete,com.puntomartinez.millete.groupgoals.infrastructure.out.persistence.postgresql.adapters,GoalInvitationPostgresAdapter,0,92,0,0,0,28,0,7,0,7
millete,com.puntomartinez.millete.groupgoals.infrastructure.out.persistence.postgresql.adapters,GoalPostgresAdapter,19,52,2,2,7,11,3,4,1,4
millete,com.puntomartinez.millete.groupgoals.infrastructure.out.persistence.postgresql.adapters,GoalMemberPostgresAdapter,103,0,4,0,31,0,10,0,8,0
millete,com.puntomartinez.millete.groupgoals.infrastructure.out.persistence.postgresql.adapters,GoalContributionPostgresAdapter,15,79,0,0,5,26,1,6,1,6
millete,com.puntomartinez.millete.dataexport.infrastructure.in.controller,DataExportController,0,161,0,0,0,37,0,6,0,6
millete,com.puntomartinez.millete.dataexport.infrastructure.in.controller,DataImportController,1,94,2,6,1,26,2,5,0,3
millete,com.puntomartinez.millete.transactions.domain.ports.in,RegisterTransactionUseCase.RegisterTransactionResult,0,9,0,0,0,1,0,1,0,1
millete,com.puntomartinez.millete.transactions.domain.ports.in,RegisterTransactionUseCase.RegisterTransactionCommand,0,21,0,0,0,1,0,1,0,1
millete,com.puntomartinez.millete.transactions.domain.ports.in,UpdateTransactionUseCase.UpdateTransactionCommand,0,21,0,0,0,1,0,1,0,1
millete,com.puntomartinez.millete.transactions.domain.ports.in,GetTransactionMetricsUseCase.MetricsResult,0,27,0,0,0,1,0,1,0,1
millete,com.puntomartinez.millete.transactions.domain.ports.in,GetTransactionMetricsUseCase.MetricsCommand,0,9,0,0,0,1,0,1,0,1
millete,com.puntomartinez.millete.dataexport.application.services,DataExportService,120,543,6,16,53,204,10,18,5,12
millete,com.puntomartinez.millete.dataexport.application.services,DataImportService,48,224,1,7,16,67,1,9,0,6
millete,com.puntomartinez.millete.groupgoals.application.services,GroupGoalCommandService,60,332,12,14,16,104,14,20,4,17
millete,com.puntomartinez.millete.groupgoals.application.services,GroupGoalInvitationService,57,365,10,20,14,122,16,18,7,12
millete,com.puntomartinez.millete.groupgoals.application.services,GroupGoalQueryService,199,290,21,14,68,96,21,18,7,14
millete,com.puntomartinez.millete.shared.domain.time,TimeProvider,0,6,0,0,0,1,0,1,0,1
millete,com.puntomartinez.millete.users.infrastructure.out.persistence.postgresql.mappers,UserSessionEntityMapperImpl,4,72,2,2,2,19,2,3,0,3
millete,com.puntomartinez.millete.users.infrastructure.out.persistence.postgresql.mappers,UserLoginSecurityEntityMapperImpl,4,72,2,2,2,19,2,3,0,3
millete,com.puntomartinez.millete.users.infrastructure.out.persistence.postgresql.mappers,UserEntityMapperImpl,4,99,2,2,2,31,2,3,0,3
millete,com.puntomartinez.millete.users.infrastructure.out.persistence.postgresql.mappers,UserPreferencesEntityMapperImpl,4,73,4,4,2,21,4,3,0,3
millete,com.puntomartinez.millete.investments.application.services,InvestmentService,0,141,0,0,0,41,0,13,0,13
millete,com.puntomartinez.millete.investments.application.services,InvestmentQueryService,14,731,11,47,3,187,11,36,0,15
millete,com.puntomartinez.millete.categories.infrastructure.in.controller.dto,UpdateCategoryRequestDTO,0,12,0,0,0,1,0,1,0,1
millete,com.puntomartinez.millete.categories.infrastructure.in.controller.dto,CategoryResponseDTO,0,24,0,0,0,1,0,1,0,1
millete,com.puntomartinez.millete.categories.infrastructure.in.controller.dto,RegisterCategoryRequestDTO,0,12,0,0,0,1,0,1,0,1
millete,com.puntomartinez.millete.investments.domain.model,Investment,2,351,5,39,1,89,5,49,0,32
millete,com.puntomartinez.millete.investments.domain.model,Investment.InvestmentType,0,33,0,0,0,2,0,1,0,1
millete,com.puntomartinez.millete.groupgoals.domain.ports.out,UserLookupPort.UserInfo,0,12,0,0,0,1,0,1,0,1
millete,com.puntomartinez.millete.groupgoals.domain.ports.out,GoalContributionRepository.MemberContributionTotals,15,0,0,0,1,0,1,0,1,0
millete,com.puntomartinez.millete.notifications.infrastructure.out.persistence.postgresql.mappers,NotificationEntityMapperImpl,2,66,2,2,1,18,2,2,0,2
millete,com.puntomartinez.millete.notifications.infrastructure.out.persistence.postgresql.mappers,NotificationEntityMapper,0,30,0,2,0,15,0,2,0,1
millete,com.puntomartinez.millete.savingsgoals.infrastructure.in.controller,SavingsGoalController,0,295,1,15,0,83,1,18,0,11
millete,com.puntomartinez.millete.categories.domain.ports.in,UpdateCategoryCommand,0,12,0,0,0,1,0,1,0,1
millete,com.puntomartinez.millete.categories.domain.ports.in,RegisterCategoryCommand,0,15,0,0,0,1,0,1,0,1
millete,com.puntomartinez.millete.shared.infrastructure.config.time,SystemTimeProvider,0,34,0,0,0,9,0,6,0,6
millete,com.puntomartinez.millete.investments.infrastructure.in.controller,InvestmentController,14,281,7,3,4,103,5,13,0,13
millete,com.puntomartinez.millete.savingsgoals.infrastructure.in.controller.dto,SavingsGoalResponseDTO,0,36,0,0,0,1,0,1,0,1
millete,com.puntomartinez.millete.savingsgoals.infrastructure.in.controller.dto,UpdateSavingsGoalRequestDTO,0,18,0,0,0,1,0,1,0,1
millete,com.puntomartinez.millete.savingsgoals.infrastructure.in.controller.dto,CreateSavingsGoalRequestDTO,0,18,0,0,0,1,0,1,0,1
millete,com.puntomartinez.millete.savingsgoals.infrastructure.in.controller.dto,WithdrawRequestDTO,0,6,0,0,0,1,0,1,0,1
millete,com.puntomartinez.millete.savingsgoals.infrastructure.in.controller.dto,AddContributionRequestDTO,0,6,0,0,0,1,0,1,0,1
millete,com.puntomartinez.millete.categories.application.services,CategoryService,0,179,1,13,0,56,1,17,0,11
millete,com.puntomartinez.millete.notifications.infrastructure.out.persistence.postgresql.adapters,NotificationPostgresAdapter,42,78,0,0,13,21,1,5,1,5
millete,com.puntomartinez.millete.transactions.domain.ports.out,TransactionRepository.TransactionAggregates,0,12,0,0,0,1,0,1,0,1
millete,com.puntomartinez.millete.dataexport.infrastructure.out.transactions,TransactionImportAdapter,2,66,3,7,1,25,3,4,0,2
millete,com.puntomartinez.millete.dataexport.infrastructure.out.transactions,TransactionExportAdapter,0,76,0,0,0,34,0,5,0,5
millete,com.puntomartinez.millete.dataexport.infrastructure.out.transactions,TransactionImportVerificationAdapter,26,77,3,7,6,31,3,5,0,3
millete,com.puntomartinez.millete.dataexport.infrastructure.out.users,UserPreferencesImportAdapter.new TypeReference() {...},0,8,0,0,0,1,0,1,0,1
millete,com.puntomartinez.millete.dataexport.infrastructure.out.users,UserPreferencesExportAdapter,5,42,1,1,3,14,1,4,0,4
millete,com.puntomartinez.millete.dataexport.infrastructure.out.users,UserPreferencesImportAdapter,45,74,4,4,16,22,6,4,3,3
millete,com.puntomartinez.millete.savingsgoals.infrastructure.out.persistence.postgresql.mappers,SavingsGoalEntityMapper,0,50,0,8,0,20,0,7,0,3
millete,com.puntomartinez.millete.savingsgoals.infrastructure.out.persistence.postgresql.mappers,SavingsGoalEntityMapperImpl,0,59,0,2,0,16,0,3,0,2
millete,com.puntomartinez.millete.users.domain.ports.in,UpdateProfileCommand,0,12,0,0,0,1,0,1,0,1
millete,com.puntomartinez.millete.users.domain.ports.in,ChangePasswordCommand,0,12,0,0,0,1,0,1,0,1
millete,com.puntomartinez.millete.users.domain.ports.in,AuthenticateUserCommand,0,9,0,0,0,1,0,1,0,1
millete,com.puntomartinez.millete.users.domain.ports.in,LoginUserUseCase.LoginUserCommand,0,9,0,0,0,1,0,1,0,1
millete,com.puntomartinez.millete.users.domain.ports.in,AuthenticationResult,0,12,0,0,0,1,0,1,0,1
millete,com.puntomartinez.millete.users.domain.ports.in,UserQueryUseCase.UserInfo,0,12,0,0,0,1,0,1,0,1
millete,com.puntomartinez.millete.users.domain.ports.in,RegisterUserUseCase.RegisterUserCommand,12,0,0,0,1,0,1,0,1,0
millete,com.puntomartinez.millete.users.domain.ports.in,UserProfileResult,0,18,0,0,0,1,0,1,0,1
millete,com.puntomartinez.millete.users.infrastructure.out.security,BCryptPasswordHasherAdapter,17,0,0,0,5,0,3,0,3,0
millete,com.puntomartinez.millete.users.infrastructure.out.security,JwtTokenAdapter,89,0,0,0,31,0,5,0,5,0
millete,com.puntomartinez.millete.users.infrastructure.in.controller.validation,ValidEmailValidator,12,0,4,0,2,0,4,0,2,0
millete,com.puntomartinez.millete.savingsgoals.infrastructure.out.persistence.postgresql.adapters,SavingsGoalPostgresAdapter,16,124,2,2,3,33,4,8,2,8
millete,com.puntomartinez.millete.dashboard.domain.ports.out,CategoryQueryPort.CategoryData,0,15,0,0,0,1,0,1,0,1
millete,com.puntomartinez.millete.dashboard.domain.ports.out,TransactionQueryPort.TransactionData,0,21,0,0,0,1,0,1,0,1
millete,com.puntomartinez.millete.dashboard.domain.ports.out,SavingsGoalQueryPort.SavingsGoalData,0,24,0,0,0,1,0,1,0,1
millete,com.puntomartinez.millete.groupgoals.domain.ports.in,UpdateGoalUseCase.UpdateGoalCommand,0,12,0,0,0,1,0,1,0,1
millete,com.puntomartinez.millete.groupgoals.domain.ports.in,GetGoalDetailUseCase.MemberDetail,27,0,0,0,1,0,1,0,1,0
millete,com.puntomartinez.millete.groupgoals.domain.ports.in,GetContributionHistoryUseCase.PaginatedContributions,0,24,0,0,0,1,0,1,0,1
millete,com.puntomartinez.millete.groupgoals.domain.ports.in,UpdateMemberUseCase.UpdateMemberCommand,0,12,0,0,0,1,0,1,0,1
millete,com.puntomartinez.millete.groupgoals.domain.ports.in,InviteMemberUseCase.InvitationResult,0,27,0,0,0,1,0,1,0,1
millete,com.puntomartinez.millete.groupgoals.domain.ports.in,CreateGoalUnitUseCase.CreateGoalUnitCommand,0,15,0,0,0,1,0,1,0,1
millete,com.puntomartinez.millete.groupgoals.domain.ports.in,ListPendingInvitationsUseCase.InvitationResult,0,27,0,0,0,1,0,1,0,1
millete,com.puntomartinez.millete.groupgoals.domain.ports.in,CalculateContributionsUseCase.ContributionsCalculation,0,12,0,0,0,1,0,1,0,1
millete,com.puntomartinez.millete.groupgoals.domain.ports.in,ListGoalsUseCase.GoalSummary,0,24,0,0,0,1,0,1,0,1
millete,com.puntomartinez.millete.groupgoals.domain.ports.in,InviteMemberUseCase.InviteMemberCommand,0,6,0,0,0,1,0,1,0,1
millete,com.puntomartinez.millete.groupgoals.domain.ports.in,GetGoalDetailUseCase.GoalDetail,24,0,0,0,1,0,1,0,1,0
millete,com.puntomartinez.millete.groupgoals.domain.ports.in,CalculateContributionsUseCase.MemberContribution,0,9,0,0,0,1,0,1,0,1
millete,com.puntomartinez.millete.groupgoals.domain.ports.in,AddContributionUseCase.AddContributionCommand,0,6,0,0,0,1,0,1,0,1
millete,com.puntomartinez.millete.groupgoals.domain.ports.in,WithdrawContributionUseCase.WithdrawContributionCommand,0,6,0,0,0,1,0,1,0,1
millete,com.puntomartinez.millete.shared.infrastructure.in.controller.advice,GlobalExceptionHandler,74,165,2,0,16,27,4,13,3,13
millete,com.puntomartinez.millete.groupgoals.infrastructure.in.controller.dto,WithdrawContributionRequestDTO,0,6,0,0,0,1,0,1,0,1
millete,com.puntomartinez.millete.groupgoals.infrastructure.in.controller.dto,GoalListItemResponseDTO,0,18,0,0,0,1,0,1,0,1
millete,com.puntomartinez.millete.groupgoals.infrastructure.in.controller.dto,GoalDetailResponseDTO,27,0,0,0,1,0,1,0,1,0
millete,com.puntomartinez.millete.groupgoals.infrastructure.in.controller.dto,GoalContributionDTO,18,0,0,0,1,0,1,0,1,0
millete,com.puntomartinez.millete.groupgoals.infrastructure.in.controller.dto,GoalMemberDTO,21,0,0,0,1,0,1,0,1,0
millete,com.puntomartinez.millete.groupgoals.infrastructure.in.controller.dto,UpdateGoalRequestDTO,0,12,0,0,0,1,0,1,0,1
millete,com.puntomartinez.millete.groupgoals.infrastructure.in.controller.dto,InvitationResponseDTO,0,27,0,0,0,1,0,1,0,1
millete,com.puntomartinez.millete.groupgoals.infrastructure.in.controller.dto,GoalResponseDTO,0,15,0,0,0,1,0,1,0,1
millete,com.puntomartinez.millete.groupgoals.infrastructure.in.controller.dto,CreateGoalRequestDTO,0,12,0,0,0,1,0,1,0,1
millete,com.puntomartinez.millete.groupgoals.infrastructure.in.controller.dto,AddContributionRequestDTO,0,6,0,0,0,1,0,1,0,1
millete,com.puntomartinez.millete.groupgoals.infrastructure.in.controller.dto,ContributionsCalculationResponseDTO,12,0,0,0,1,0,1,0,1,0
millete,com.puntomartinez.millete.groupgoals.infrastructure.in.controller.dto,InviteMemberRequestDTO,0,6,0,0,0,1,0,1,0,1
millete,com.puntomartinez.millete.groupgoals.infrastructure.in.controller.dto,UpdateMemberRequestDTO,12,0,0,0,1,0,1,0,1,0
millete,com.puntomartinez.millete.groupgoals.infrastructure.in.controller.dto,ContributionsCalculationResponseDTO.MemberContributionDTO,9,0,0,0,1,0,1,0,1,0
millete,com.puntomartinez.millete.users.infrastructure.in.controller,ProfileController,186,0,0,0,55,0,11,0,11,0
millete,com.puntomartinez.millete.users.infrastructure.in.controller,AuthController,166,0,4,0,49,0,7,0,5,0
millete,com.puntomartinez.millete.plannedtransactions.domain.ports.out,CategoryDisplayPort.CategoryDisplay,0,12,0,0,0,1,0,1,0,1
millete,com.puntomartinez.millete.investments.domain.ports.out,InvestmentQueryPort.InvestmentData,6,36,0,0,1,3,1,3,1,3
millete,com.puntomartinez.millete.users.infrastructure.in.controller.dto,RegisterUserRequestDTO,28,0,4,0,5,0,4,0,2,0
millete,com.puntomartinez.millete.users.infrastructure.in.controller.dto,LoginRequestDTO,9,0,0,0,1,0,1,0,1,0
millete,com.puntomartinez.millete.users.infrastructure.in.controller.dto,DeactivateAccountRequestDTO,6,0,0,0,1,0,1,0,1,0
millete,com.puntomartinez.millete.users.infrastructure.in.controller.dto,ChangePasswordRequestDTO,9,0,0,0,1,0,1,0,1,0
millete,com.puntomartinez.millete.users.infrastructure.in.controller.dto,TopNavUserResponseDTO,12,0,0,0,1,0,1,0,1,0
millete,com.puntomartinez.millete.users.infrastructure.in.controller.dto,UserProfileDTO,18,0,0,0,1,0,1,0,1,0
millete,com.puntomartinez.millete.users.infrastructure.in.controller.dto,UserResponseDTO,24,0,0,0,1,0,1,0,1,0
millete,com.puntomartinez.millete.users.infrastructure.in.controller.dto,UpdateProfileRequestDTO,28,0,4,0,5,0,4,0,2,0
millete,com.puntomartinez.millete.users.infrastructure.in.controller.dto,UserSessionResponseDTO,15,0,0,0,1,0,1,0,1,0
millete,com.puntomartinez.millete.dashboard.infrastructure.in.controller,DashboardController,0,64,0,0,0,21,0,7,0,7
millete,com.puntomartinez.millete.plannedtransactions.application.services,PlannedTransactionService,54,295,8,20,21,94,7,21,0,13
millete,com.puntomartinez.millete.plannedtransactions.application.services,PlannedTransactionExecutionService,0,90,0,6,0,32,0,7,0,4
millete,com.puntomartinez.millete.plannedtransactions.domain.model,PlannedTransaction.FrequencyType,0,27,0,0,0,5,0,1,0,1
millete,com.puntomartinez.millete.plannedtransactions.domain.model,PlannedTransaction,0,352,1,43,0,118,1,37,0,16
millete,com.puntomartinez.millete.categories.infrastructure.out.persistence.postgresql.mappers,CategoryEntityMapperImpl,0,45,0,2,0,13,0,3,0,2
millete,com.puntomartinez.millete.categories.infrastructure.out.persistence.postgresql.mappers,CategoryEntityMapper,0,22,0,2,0,11,0,2,0,1
millete,com.puntomartinez.millete.savingsgoals.application.services,SavingsGoalService,0,163,0,0,0,49,0,15,0,15
millete,com.puntomartinez.millete.dataexport.infrastructure.out.plannedtransactions,PlannedTransactionExportAdapter,0,49,0,0,0,22,0,3,0,3
millete,com.puntomartinez.millete.dataexport.infrastructure.out.plannedtransactions,PlannedTransactionImportAdapter,2,77,3,7,1,33,3,4,0,2
millete,com.puntomartinez.millete.users.application.services,UserQueryService,0,73,0,6,0,19,0,9,0,6
millete,com.puntomartinez.millete.users.application.services,UserService,199,0,34,0,38,0,22,0,5,0
millete,com.puntomartinez.millete.users.application.services,ProfileService,36,444,11,39,7,129,13,34,3,19
millete,com.puntomartinez.millete.users.application.services,SessionPersistenceService,0,53,0,0,0,17,0,4,0,4
millete,com.puntomartinez.millete.users.application.services,AuthenticationService,0,46,0,0,0,13,0,2,0,2
millete,com.puntomartinez.millete.users.application.services,AccountLockService,2,157,2,14,1,39,2,15,0,9
millete,com.puntomartinez.millete.savingsgoals.domain.ports.in,UpdateSavingsGoalCommand,0,71,0,16,0,13,0,9,0,1
millete,com.puntomartinez.millete.savingsgoals.domain.ports.in,WithdrawFromGoalCommand,0,37,0,8,0,8,0,5,0,1
millete,com.puntomartinez.millete.savingsgoals.domain.ports.in,CreateSavingsGoalCommand,0,69,0,16,0,13,0,9,0,1
millete,com.puntomartinez.millete.savingsgoals.domain.ports.in,AddContributionToGoalCommand,0,37,0,8,0,8,0,5,0,1
millete,com.puntomartinez.millete.transactions.domain.model,Transaction,0,208,0,26,0,71,0,27,0,14
millete,com.puntomartinez.millete.transactions.domain.model,Transaction.TransactionType,0,15,0,0,0,3,0,1,0,1
millete,com.puntomartinez.millete.plannedtransactions.infrastructure.in.controller.dto,RegisterPlannedTransactionRequestDTO,0,27,0,0,0,1,0,1,0,1
millete,com.puntomartinez.millete.plannedtransactions.infrastructure.in.controller.dto,PlannedTransactionResponseDTO,0,39,0,0,0,1,0,1,0,1
millete,com.puntomartinez.millete.plannedtransactions.infrastructure.in.controller.dto,UpdatePlannedTransactionRequestDTO,0,21,0,0,0,1,0,1,0,1
